year,month,rainfall_mm
2016,01,6.35
2016,02,0.37
2016,03,28.26
2016,04,134.02
2016,05,125.47
2016,06,103.36
2016,07,50.15
2016,08,144.06
2016,09,330.67
2016,10,139.7
2016,11,44.54
2016,12,1.9
2017,01,10.22
2017,02,32.77
2017,03,106.93
2017,04,124.46
2017,05,169.72
2017,06,114.14
2017,07,197.88
2017,08,255.1
2017,09,153.11
2017,10,197.6
2017,11,109.31
2017,12,0.3
2018,01,0.15
2018,02,7.69
2018,03,84.43
2018,04,348.98
2018,05,194.73
2018,06,92.75
2018,07,17.89
2018,08,90.06
2018,09,167.56
2018,10,79.28
2018,11,36.18
2018,12,24.25
2019,01,3.17
2019,02,14.92
2019,03,8.15
2019,04,88.66
2019,05,111.7
2019,06,214.17
2019,07,158.56
2019,08,236.63
2019,09,214.45
2019,10,287.43
2019,11,64.05
2019,12,130.35
2020,01,22.23
2020,02,26.88
2020,03,170.92
2020,04,211.69
2020,05,175.53
2020,06,129.9
2020,07,229.04
2020,08,214.58
2020,09,236.74
2020,10,396.35
2020,11,80.44
2020,12,233.99
2021,01,154.22
2021,02,1.79
2021,03,3.96
2021,04,82.56
2021,05,283.81
2021,06,64.14
2021,07,63.5
2021,08,49.66
2021,09,141.85
2021,10,131.26
2021,11,79.05
2021,12,95.43
2022,01,83.62
2022,02,3.16
2022,03,53.85
2022,04,69.16
2022,05,95.4
2022,06,84.84
2022,07,135.0
2022,08,191.28
2022,09,267.45
2022,10,172.58
2022,11,81.0
2022,12,39.56
2023,01,1.44
2023,02,2.24
2023,03,252.94
2023,04,183.83
2023,05,113.07
2023,06,155.09
2023,07,112.78
2023,08,82.79
2023,09,193.57
2023,10,242.79
2023,11,256.46
2023,12,24.26
2024,01,33.43
2024,02,96.52
2024,03,67.65
2024,04,114.03
2024,05,100.29
2024,06,220.82
2024,07,189.78
2024,08,136.24
2024,09,209.44
2024,10,295.83
2024,11,99.97
2024,12,23.54
2025,01,4.06
2025,02,1.4
2025,03,64.38
2025,04,190.26
2025,05,173.52
2025,06,54.78
2025,07,142.3
2025,08,122.52
2025,09,72.23
2025,10,176.03
2025,11,80.36
2025,12,16.53
